-- MySQL dump 10.13  Distrib 5.5.40, for debian-linux-gnu (x86_64)
--
-- Host: localhost    Database: dmp
-- ------------------------------------------------------
-- Server version	5.5.40-0ubuntu0.14.04.1

/*!40101 SET @OLD_CHARACTER_SET_CLIENT=@@CHARACTER_SET_CLIENT */;
/*!40101 SET @OLD_CHARACTER_SET_RESULTS=@@CHARACTER_SET_RESULTS */;
/*!40101 SET @OLD_COLLATION_CONNECTION=@@COLLATION_CONNECTION */;
/*!40101 SET NAMES utf8 */;
/*!40103 SET @OLD_TIME_ZONE=@@TIME_ZONE */;
/*!40103 SET TIME_ZONE='+00:00' */;
/*!40014 SET @OLD_UNIQUE_CHECKS=@@UNIQUE_CHECKS, UNIQUE_CHECKS=0 */;
/*!40014 SET @OLD_FOREIGN_KEY_CHECKS=@@FOREIGN_KEY_CHECKS, FOREIGN_KEY_CHECKS=0 */;
/*!40101 SET @OLD_SQL_MODE=@@SQL_MODE, SQL_MODE='NO_AUTO_VALUE_ON_ZERO' */;
/*!40111 SET @OLD_SQL_NOTES=@@SQL_NOTES, SQL_NOTES=0 */;

--
-- Current Database: `dmp`
--

USE `dmp`;

--
-- Dumping data for table `ATTRIBUTE`
--

/*!40000 ALTER TABLE `ATTRIBUTE` DISABLE KEYS */;
INSERT INTO `ATTRIBUTE` VALUES ('Attribute-0153dbbc-1f6c-44fc-92c9-7645b6ac9a5e','creator','http://purl.org/dc/elements/1.1/creator'),('Attribute-051d071e-c24d-47c5-8a3e-43874991290b','eissn','http://purl.org/ontology/bibo/eissn'),('Attribute-0af43ce4-37cb-4567-ad50-6bbb6084323a','contributor','http://purl.org/dc/elements/1.1/contributor'),('Attribute-0d5ffa20-3c79-4fe2-80ee-9154fa7dd2b4','typ','http://www.ddb.de/professionell/mabxml/mabxml-1.xsd#typ'),('Attribute-10f3c1b4-b72d-478d-87d7-0a91daeebbd7','isLike','http://umbel.org/umbel#isLike'),('Attribute-136f20ec-b676-4ad7-9689-bfa3e1ec2b83','isFormatOf','http://purl.org/dc/terms/isFormatOf'),('Attribute-1488580d-31b2-4d04-a874-2bfd106b12ed','tf','http://www.ddb.de/professionell/mabxml/mabxml-1.xsd#tf'),('Attribute-215c1f77-f82c-4197-92cb-eed2ebfc2899','familyName','http://xmlns.com/foaf/0.1/familyName'),('Attribute-239eba89-ea21-4b70-b215-a719fd962438','precededBy','http://rdvocab.info/Elements/precededBy'),('Attribute-2b9ae462-496a-4735-ac64-2b286ec8417e','mabVersion','http://www.ddb.de/professionell/mabxml/mabxml-1.xsd#mabVersion'),('Attribute-320be8c1-ddfe-4e24-b467-2c2054b2e8f5','isbn','http://purl.org/ontology/bibo/isbn'),('Attribute-3d368280-b4ea-4ffc-aa3b-4e8296b0e72b','1053','http://iflastandards.info/ns/isbd/elements/1053'),('Attribute-3e16dedc-d8c9-4e7e-ae1d-60b38a67a201','feld','http://www.ddb.de/professionell/mabxml/mabxml-1.xsd#feld'),('Attribute-40113c0e-b876-4327-83a2-4e21878b371a','ns','http://www.ddb.de/professionell/mabxml/mabxml-1.xsd#ns'),('Attribute-404e8596-55f7-475d-9634-6570927ad3f3','publicationStatement','http://rdvocab.info/Elements/publicationStatement'),('Attribute-459faf78-a147-477a-aa78-1aef59b4d438','publisher','http://purl.org/dc/elements/1.1/publisher'),('Attribute-49e18d17-1730-4e70-9ed1-a7143b997a61','code','http://www.ddb.de/professionell/mabxml/mabxml-1.xsd#code'),('Attribute-4d3f8c46-cf89-4ab3-b784-62a6e59c2d3f','nr','http://www.ddb.de/professionell/mabxml/mabxml-1.xsd#nr'),('Attribute-4fe6e3f6-a1ad-4f4b-84df-6e6a5361bc59','edition','http://purl.org/ontology/bibo/edition'),('Attribute-50779814-1634-4094-84d4-8ded55471495','ind','http://www.ddb.de/professionell/mabxml/mabxml-1.xsd#ind'),('Attribute-52cf7326-6ab1-40f8-9430-383e7f1b1f98','isPartOf','http://purl.org/dc/terms/isPartOf'),('Attribute-5973d4a2-fc73-4ed3-984d-498c8e666079','hasPart','http://purl.org/dc/terms/hasPart'),('Attribute-5d6f045b-f3a4-4244-b5fb-4dd2f37f1f5d','creator','http://purl.org/dc/terms/creator'),('Attribute-662b5453-24c6-4aba-8ec4-0f7f95042194','id','http://www.ddb.de/professionell/mabxml/mabxml-1.xsd#id'),('Attribute-67898eb7-2066-4311-b011-db2a7b7bebd1','oclcnum','http://purl.org/ontology/bibo/oclcnum'),('Attribute-69916553-39fa-428f-b2cf-b27907cce740','language','http://purl.org/dc/terms/language'),('Attribute-72b467ee-bbc1-4105-8c86-5f806f947dfd','medium','http://purl.org/dc/terms/medium'),('Attribute-77b76c52-54f1-409e-8e91-c574e23c1c5a','status','http://www.ddb.de/professionell/mabxml/mabxml-1.xsd#status'),('Attribute-7a1f4276-749e-4c6b-8413-927ea1d4815e','stw','http://www.ddb.de/professionell/mabxml/mabxml-1.xsd#stw'),('Attribute-82cfdd9d-ffee-407d-9f61-1c07aee47e46','issn','http://purl.org/ontology/bibo/issn'),('Attribute-832346b4-5fbb-46a9-aac3-c8f7b7d8c1e9','bibliographicCitation','http://purl.org/dc/terms/bibliographicCitation'),('Attribute-877464c3-f915-45d7-b039-15c4844f24fe','alternative','http://purl.org/dc/terms/alternative'),('Attribute-8beaace3-339a-4b6a-9436-41a867f58abb','shortTitle','http://purl.org/ontology/bibo/shortTitle'),('Attribute-901bdd0b-88dd-41f1-afe9-602cadad27d7','sameAs','http://www.w3.org/2002/07/owl#sameAs'),('Attribute-91a6d43b-d143-4dd3-86ff-025021d17b64','placeOfPublication','http://rdvocab.info/Elements/placeOfPublication'),('Attribute-a513da32-2af5-49af-aabe-ee1150d9f6db','type','http://www.w3.org/1999/02/22-rdf-syntax-ns#type'),('Attribute-a61cce4c-9cc4-4881-abf2-c9bd8b724c73','value','http://www.w3.org/1999/02/22-rdf-syntax-ns#value'),('Attribute-a6a22fdb-36e9-4f2f-a271-6047240258d4','title','http://purl.org/dc/elements/1.1/title'),('Attribute-b00331a3-95c8-44a2-9e46-5de4cf5cff87','otherTitleInformation','http://rdvocab.info/Elements/otherTitleInformation'),('Attribute-d0e82f58-057d-461b-a031-c5102a7e9fcc','contributor','http://purl.org/dc/terms/contributor'),('Attribute-d50ecd59-3162-4b3d-9a93-59051f1a5f88','lccn','http://purl.org/ontology/bibo/lccn'),('Attribute-df033e16-666b-46c7-b817-30fc09e1d300','givenName','http://xmlns.com/foaf/0.1/givenName'),('Attribute-e1a247b8-7855-4b82-9893-6b06cb415e5b','price','http://vocab.ub.uni-leipzig.de/bibrm/price'),('Attribute-e1ec31e7-3e31-4962-961b-4782bf143f2d','succeededBy','http://rdvocab.info/Elements/succeededBy'),('Attribute-e454c783-e6db-4bcc-9518-8206a28d13cc','hasVersion','http://purl.org/dc/terms/hasVersion'),('Attribute-e5181dbe-a35a-458c-8df3-9fbe57eea3d7','uf','http://www.ddb.de/professionell/mabxml/mabxml-1.xsd#uf'),('Attribute-e841e549-cca8-4771-9eae-a5e16fa2830d','issued','http://purl.org/dc/terms/issued'),('Attribute-fbe9c999-0e72-4aec-8eb5-5924001bf9dc','EISSN','http://vocab.ub.uni-leipzig.de/bibrm/EISSN');
/*!40000 ALTER TABLE `ATTRIBUTE` ENABLE KEYS */;

--
-- Dumping data for table `ATTRIBUTE_PATH`
--

/*!40000 ALTER TABLE `ATTRIBUTE_PATH` DISABLE KEYS */;
INSERT INTO `ATTRIBUTE_PATH` VALUES ('AttributePath-0036120b-399c-47b0-b1b1-6ed7bb197eb5','[\"Attribute-3e16dedc-d8c9-4e7e-ae1d-60b38a67a201\",\"Attribute-e5181dbe-a35a-458c-8df3-9fbe57eea3d7\",\"Attribute-a513da32-2af5-49af-aabe-ee1150d9f6db\"]'),('AttributePath-0c4632ac-5eff-40a7-bb52-be48f283a494','[\"Attribute-91a6d43b-d143-4dd3-86ff-025021d17b64\"]'),('AttributePath-15061dbd-9ec9-4057-9761-ca9b72245a71','[\"Attribute-e841e549-cca8-4771-9eae-a5e16fa2830d\"]'),('AttributePath-179626f1-1c54-48ec-9a3c-433a3f84bcfb','[\"Attribute-52cf7326-6ab1-40f8-9430-383e7f1b1f98\"]'),('AttributePath-17f5b60d-7b7d-4432-885f-96f1b1954be3','[\"Attribute-3e16dedc-d8c9-4e7e-ae1d-60b38a67a201\",\"Attribute-e5181dbe-a35a-458c-8df3-9fbe57eea3d7\",\"Attribute-1488580d-31b2-4d04-a874-2bfd106b12ed\",\"Attribute-a513da32-2af5-49af-aabe-ee1150d9f6db\"]'),('AttributePath-1a1b2fde-331c-4813-8482-8901444b498c','[\"Attribute-3e16dedc-d8c9-4e7e-ae1d-60b38a67a201\",\"Attribute-50779814-1634-4094-84d4-8ded55471495\"]'),('AttributePath-1b71aac7-dd2f-440d-91c4-0a073208db71','[\"Attribute-d50ecd59-3162-4b3d-9a93-59051f1a5f88\"]'),('AttributePath-1c7ce0b4-0431-485b-a2b1-fef225401694','[\"Attribute-10f3c1b4-b72d-478d-87d7-0a91daeebbd7\"]'),('AttributePath-1fb79496-7e45-406f-b9fc-b138ad7e593a','[\"Attribute-77b76c52-54f1-409e-8e91-c574e23c1c5a\"]'),('AttributePath-310ddbc5-c1dc-4985-a272-c6f2a1ff2901','[\"Attribute-3e16dedc-d8c9-4e7e-ae1d-60b38a67a201\",\"Attribute-e5181dbe-a35a-458c-8df3-9fbe57eea3d7\",\"Attribute-40113c0e-b876-4327-83a2-4e21878b371a\"]'),('AttributePath-327aebd9-6519-43da-af9d-5ead1fb0b289','[\"Attribute-3e16dedc-d8c9-4e7e-ae1d-60b38a67a201\",\"Attribute-4d3f8c46-cf89-4ab3-b784-62a6e59c2d3f\"]'),('AttributePath-36c0936d-3dac-42f9-b368-c1d35433cb0b','[\"Attribute-3e16dedc-d8c9-4e7e-ae1d-60b38a67a201\",\"Attribute-e5181dbe-a35a-458c-8df3-9fbe57eea3d7\",\"Attribute-7a1f4276-749e-4c6b-8413-927ea1d4815e\",\"Attribute-a61cce4c-9cc4-4881-abf2-c9bd8b724c73\"]'),('AttributePath-38042ed4-9afd-440b-98e4-e52008e497f4','[\"Attribute-239eba89-ea21-4b70-b215-a719fd962438\"]'),('AttributePath-3a4a22ab-8227-4dbc-8738-5ef4a49d9689','[\"Attribute-8beaace3-339a-4b6a-9436-41a867f58abb\"]'),('AttributePath-3d1dec2c-5330-4f8e-8920-c3b1c35bdfef','[\"Attribute-67898eb7-2066-4311-b011-db2a7b7bebd1\"]'),('AttributePath-41412c0a-90c2-473d-9551-d4131451a73c','[\"Attribute-3e16dedc-d8c9-4e7e-ae1d-60b38a67a201\",\"Attribute-a61cce4c-9cc4-4881-abf2-c9bd8b724c73\"]'),('AttributePath-459fcb4f-de49-4ef4-875a-91dbfdd8c42d','[\"Attribute-136f20ec-b676-4ad7-9689-bfa3e1ec2b83\"]'),('AttributePath-460eeca4-5e7f-4687-8da0-ab6aafb85e1b','[\"Attribute-3e16dedc-d8c9-4e7e-ae1d-60b38a67a201\",\"Attribute-7a1f4276-749e-4c6b-8413-927ea1d4815e\",\"Attribute-a61cce4c-9cc4-4881-abf2-c9bd8b724c73\"]'),('AttributePath-4a092a7a-e029-4686-b95c-4b324438462f','[\"Attribute-901bdd0b-88dd-41f1-afe9-602cadad27d7\"]'),('AttributePath-4ce5a98f-57c4-4654-bf5e-b75f556d78c9','[\"Attribute-3e16dedc-d8c9-4e7e-ae1d-60b38a67a201\",\"Attribute-a513da32-2af5-49af-aabe-ee1150d9f6db\"]'),('AttributePath-55555c99-dc14-4391-b20a-2190c473f3b5','[\"Attribute-df033e16-666b-46c7-b817-30fc09e1d300\"]'),('AttributePath-56e8dbe8-b0e3-4bb6-a5ca-ffeebee37d60','[\"Attribute-5973d4a2-fc73-4ed3-984d-498c8e666079\"]'),('AttributePath-59565fba-d3e2-4c37-ae09-ff7e80d7e5f0','[\"Attribute-662b5453-24c6-4aba-8ec4-0f7f95042194\"]'),('AttributePath-598b641c-124b-4782-9e00-ea77fb61b591','[\"Attribute-3e16dedc-d8c9-4e7e-ae1d-60b38a67a201\",\"Attribute-e5181dbe-a35a-458c-8df3-9fbe57eea3d7\",\"Attribute-7a1f4276-749e-4c6b-8413-927ea1d4815e\"]'),('AttributePath-5cfc82cb-8787-445d-b23e-ca877580bc23','[\"Attribute-459faf78-a147-477a-aa78-1aef59b4d438\"]'),('AttributePath-60ba7d94-fccc-43ba-bada-967e15dfedce','[\"Attribute-3e16dedc-d8c9-4e7e-ae1d-60b38a67a201\",\"Attribute-e5181dbe-a35a-458c-8df3-9fbe57eea3d7\",\"Attribute-40113c0e-b876-4327-83a2-4e21878b371a\",\"Attribute-a61cce4c-9cc4-4881-abf2-c9bd8b724c73\"]'),('AttributePath-68068246-5f1e-4d96-ac28-b09f93c1e909','[\"Attribute-3e16dedc-d8c9-4e7e-ae1d-60b38a67a201\",\"Attribute-40113c0e-b876-4327-83a2-4e21878b371a\",\"Attribute-a513da32-2af5-49af-aabe-ee1150d9f6db\"]'),('AttributePath-71553c01-71a6-4161-bfbf-1f74fb40d4b9','[\"Attribute-3e16dedc-d8c9-4e7e-ae1d-60b38a67a201\",\"Attribute-40113c0e-b876-4327-83a2-4e21878b371a\"]'),('AttributePath-7290869a-d3e3-40cc-9167-66b1775dfe3f','[\"Attribute-e1a247b8-7855-4b82-9893-6b06cb415e5b\"]'),('AttributePath-72cbc7db-8a6c-4a2f-be0d-0fa3c281dece','[\"Attribute-215c1f77-f82c-4197-92cb-eed2ebfc2899\"]'),('AttributePath-7861d512-148f-46b1-ae2f-776db8667411','[\"Attribute-0d5ffa20-3c79-4fe2-80ee-9154fa7dd2b4\"]'),('AttributePath-7c9eab61-902e-4fa2-a420-2c792d61b0c9','[\"Attribute-3e16dedc-d8c9-4e7e-ae1d-60b38a67a201\",\"Attribute-e5181dbe-a35a-458c-8df3-9fbe57eea3d7\",\"Attribute-1488580d-31b2-4d04-a874-2bfd106b12ed\"]'),('AttributePath-7fc68632-9e0b-4d09-9eb1-ea8cc828facd','[\"Attribute-832346b4-5fbb-46a9-aac3-c8f7b7d8c1e9\"]'),('AttributePath-8131149a-6165-4ee0-bb6f-0a942776caa4','[\"Attribute-a513da32-2af5-49af-aabe-ee1150d9f6db\"]'),('AttributePath-8341cdec-592a-4a06-9f21-55af7012fca4','[\"Attribute-404e8596-55f7-475d-9634-6570927ad3f3\"]'),('AttributePath-83d4d7ec-27e4-42f9-b5b8-ca23898f5139','[\"Attribute-e1ec31e7-3e31-4962-961b-4782bf143f2d\"]'),('AttributePath-83e17c38-4bda-421c-acde-dfe3c7b2787b','[\"Attribute-877464c3-f915-45d7-b039-15c4844f24fe\"]'),('AttributePath-85cc49ea-833f-4904-a24b-e73aca3055c1','[\"Attribute-3e16dedc-d8c9-4e7e-ae1d-60b38a67a201\",\"Attribute-662b5453-24c6-4aba-8ec4-0f7f95042194\"]'),('AttributePath-8c024539-973d-4940-a5ca-c68df5f9b497','[\"Attribute-82cfdd9d-ffee-407d-9f61-1c07aee47e46\"]'),('AttributePath-8c5f683e-d342-4208-948b-7d592392d98e','[\"Attribute-e454c783-e6db-4bcc-9518-8206a28d13cc\"]'),('AttributePath-8d22afec-a7bf-4c32-ba65-207e361a8345','[\"Attribute-3e16dedc-d8c9-4e7e-ae1d-60b38a67a201\",\"Attribute-e5181dbe-a35a-458c-8df3-9fbe57eea3d7\",\"Attribute-49e18d17-1730-4e70-9ed1-a7143b997a61\"]'),('AttributePath-93d817bc-14bf-468c-bf47-5d0d20aa176a','[\"Attribute-3e16dedc-d8c9-4e7e-ae1d-60b38a67a201\",\"Attribute-1488580d-31b2-4d04-a874-2bfd106b12ed\"]'),('AttributePath-9543fef7-0e09-477c-815e-900f77601edd','[\"Attribute-b00331a3-95c8-44a2-9e46-5de4cf5cff87\"]'),('AttributePath-9ea79337-d8a1-4ba0-b1a5-cae557e0f581','[\"Attribute-3e16dedc-d8c9-4e7e-ae1d-60b38a67a201\",\"Attribute-e5181dbe-a35a-458c-8df3-9fbe57eea3d7\",\"Attribute-a61cce4c-9cc4-4881-abf2-c9bd8b724c73\"]'),('AttributePath-9ef212e9-23ab-4f03-821b-a50118509af3','[\"Attribute-3e16dedc-d8c9-4e7e-ae1d-60b38a67a201\",\"Attribute-e5181dbe-a35a-458c-8df3-9fbe57eea3d7\",\"Attribute-7a1f4276-749e-4c6b-8413-927ea1d4815e\",\"Attribute-a513da32-2af5-49af-aabe-ee1150d9f6db\"]'),('AttributePath-a10284b2-2de6-4a3c-881c-1acbf736c608','[\"Attribute-3e16dedc-d8c9-4e7e-ae1d-60b38a67a201\",\"Attribute-e5181dbe-a35a-458c-8df3-9fbe57eea3d7\",\"Attribute-662b5453-24c6-4aba-8ec4-0f7f95042194\"]'),('AttributePath-a38c4a6d-4159-4605-b0a9-24e3925f857c','[\"Attribute-72b467ee-bbc1-4105-8c86-5f806f947dfd\"]'),('AttributePath-a9fa94e0-f8de-41b9-a1c6-c5be403fbefc','[\"Attribute-4fe6e3f6-a1ad-4f4b-84df-6e6a5361bc59\"]'),('AttributePath-ada09822-da81-4b76-8db5-4b96d4b1b6ca','[\"Attribute-3e16dedc-d8c9-4e7e-ae1d-60b38a67a201\",\"Attribute-40113c0e-b876-4327-83a2-4e21878b371a\",\"Attribute-a61cce4c-9cc4-4881-abf2-c9bd8b724c73\"]'),('AttributePath-baa955c5-5a30-4b36-9118-450f78cfe485','[\"Attribute-3e16dedc-d8c9-4e7e-ae1d-60b38a67a201\"]'),('AttributePath-c59c9780-48fd-43e4-acb8-708fe35c8a33','[\"Attribute-69916553-39fa-428f-b2cf-b27907cce740\"]'),('AttributePath-c988a4c1-585b-4e2b-8056-a4d8b49a3416','[\"Attribute-2b9ae462-496a-4735-ac64-2b286ec8417e\"]'),('AttributePath-d1cc2b34-665e-4a09-9cd5-9a005eb3f269','[\"Attribute-a6a22fdb-36e9-4f2f-a271-6047240258d4\"]'),('AttributePath-d7d7ed1b-b307-4d9f-ac26-783ffdb78c8f','[\"Attribute-3e16dedc-d8c9-4e7e-ae1d-60b38a67a201\",\"Attribute-7a1f4276-749e-4c6b-8413-927ea1d4815e\"]'),('AttributePath-dad4a73e-84eb-4f65-8753-45d36a634539','[\"Attribute-5d6f045b-f3a4-4244-b5fb-4dd2f37f1f5d\"]'),('AttributePath-db66b827-6855-432f-8fd5-6fa48f7c6a45','[\"Attribute-3e16dedc-d8c9-4e7e-ae1d-60b38a67a201\",\"Attribute-1488580d-31b2-4d04-a874-2bfd106b12ed\",\"Attribute-a513da32-2af5-49af-aabe-ee1150d9f6db\"]'),('AttributePath-dbeaef3e-cefa-4e85-8ba5-22cb66d0b70c','[\"Attribute-3e16dedc-d8c9-4e7e-ae1d-60b38a67a201\",\"Attribute-7a1f4276-749e-4c6b-8413-927ea1d4815e\",\"Attribute-a513da32-2af5-49af-aabe-ee1150d9f6db\"]'),('AttributePath-e3396c17-bf09-4f82-b662-7bbd8c11702c','[\"Attribute-3e16dedc-d8c9-4e7e-ae1d-60b38a67a201\",\"Attribute-e5181dbe-a35a-458c-8df3-9fbe57eea3d7\"]'),('AttributePath-e4722249-545e-468c-bff2-0aca969c9ede','[\"Attribute-051d071e-c24d-47c5-8a3e-43874991290b\"]'),('AttributePath-e91dff27-2e34-4fce-8265-fddb0bbb00b6','[\"Attribute-d0e82f58-057d-461b-a031-c5102a7e9fcc\"]'),('AttributePath-f058c3ad-c48a-4bc0-8ae6-11247f8c63f3','[\"Attribute-3e16dedc-d8c9-4e7e-ae1d-60b38a67a201\",\"Attribute-e5181dbe-a35a-458c-8df3-9fbe57eea3d7\",\"Attribute-40113c0e-b876-4327-83a2-4e21878b371a\",\"Attribute-a513da32-2af5-49af-aabe-ee1150d9f6db\"]'),('AttributePath-f2881420-181e-44f6-a7b7-d80af331bde8','[\"Attribute-3d368280-b4ea-4ffc-aa3b-4e8296b0e72b\"]'),('AttributePath-f6da5272-1f0e-44a3-bb9e-e901400e6df2','[\"Attribute-0af43ce4-37cb-4567-ad50-6bbb6084323a\"]'),('AttributePath-f71ee277-10bb-44ac-89ca-5348ca5660c1','[\"Attribute-0153dbbc-1f6c-44fc-92c9-7645b6ac9a5e\"]'),('AttributePath-f881b955-953b-44b5-955f-15a66674635f','[\"Attribute-fbe9c999-0e72-4aec-8eb5-5924001bf9dc\"]'),('AttributePath-ff14464a-522c-4b56-8248-51de77902d20','[\"Attribute-320be8c1-ddfe-4e24-b467-2c2054b2e8f5\"]');
/*!40000 ALTER TABLE `ATTRIBUTE_PATH` ENABLE KEYS */;

--
-- Dumping data for table `ATTRIBUTE_PATHS_ATTRIBUTES`
--

/*!40000 ALTER TABLE `ATTRIBUTE_PATHS_ATTRIBUTES` DISABLE KEYS */;
INSERT INTO `ATTRIBUTE_PATHS_ATTRIBUTES` VALUES ('AttributePath-f71ee277-10bb-44ac-89ca-5348ca5660c1','Attribute-0153dbbc-1f6c-44fc-92c9-7645b6ac9a5e'),('AttributePath-e4722249-545e-468c-bff2-0aca969c9ede','Attribute-051d071e-c24d-47c5-8a3e-43874991290b'),('AttributePath-f6da5272-1f0e-44a3-bb9e-e901400e6df2','Attribute-0af43ce4-37cb-4567-ad50-6bbb6084323a'),('AttributePath-7861d512-148f-46b1-ae2f-776db8667411','Attribute-0d5ffa20-3c79-4fe2-80ee-9154fa7dd2b4'),('AttributePath-1c7ce0b4-0431-485b-a2b1-fef225401694','Attribute-10f3c1b4-b72d-478d-87d7-0a91daeebbd7'),('AttributePath-459fcb4f-de49-4ef4-875a-91dbfdd8c42d','Attribute-136f20ec-b676-4ad7-9689-bfa3e1ec2b83'),('AttributePath-17f5b60d-7b7d-4432-885f-96f1b1954be3','Attribute-1488580d-31b2-4d04-a874-2bfd106b12ed'),('AttributePath-7c9eab61-902e-4fa2-a420-2c792d61b0c9','Attribute-1488580d-31b2-4d04-a874-2bfd106b12ed'),('AttributePath-93d817bc-14bf-468c-bf47-5d0d20aa176a','Attribute-1488580d-31b2-4d04-a874-2bfd106b12ed'),('AttributePath-db66b827-6855-432f-8fd5-6fa48f7c6a45','Attribute-1488580d-31b2-4d04-a874-2bfd106b12ed'),('AttributePath-72cbc7db-8a6c-4a2f-be0d-0fa3c281dece','Attribute-215c1f77-f82c-4197-92cb-eed2ebfc2899'),('AttributePath-38042ed4-9afd-440b-98e4-e52008e497f4','Attribute-239eba89-ea21-4b70-b215-a719fd962438'),('AttributePath-c988a4c1-585b-4e2b-8056-a4d8b49a3416','Attribute-2b9ae462-496a-4735-ac64-2b286ec8417e'),('AttributePath-ff14464a-522c-4b56-8248-51de77902d20','Attribute-320be8c1-ddfe-4e24-b467-2c2054b2e8f5'),('AttributePath-f2881420-181e-44f6-a7b7-d80af331bde8','Attribute-3d368280-b4ea-4ffc-aa3b-4e8296b0e72b'),('AttributePath-0036120b-399c-47b0-b1b1-6ed7bb197eb5','Attribute-3e16dedc-d8c9-4e7e-ae1d-60b38a67a201'),('AttributePath-17f5b60d-7b7d-4432-885f-96f1b1954be3','Attribute-3e16dedc-d8c9-4e7e-ae1d-60b38a67a201'),('AttributePath-1a1b2fde-331c-4813-8482-8901444b498c','Attribute-3e16dedc-d8c9-4e7e-ae1d-60b38a67a201'),('AttributePath-310ddbc5-c1dc-4985-a272-c6f2a1ff2901','Attribute-3e16dedc-d8c9-4e7e-ae1d-60b38a67a201'),('AttributePath-327aebd9-6519-43da-af9d-5ead1fb0b289','Attribute-3e16dedc-d8c9-4e7e-ae1d-60b38a67a201'),('AttributePath-36c0936d-3dac-42f9-b368-c1d35433cb0b','Attribute-3e16dedc-d8c9-4e7e-ae1d-60b38a67a201'),('AttributePath-41412c0a-90c2-473d-9551-d4131451a73c','Attribute-3e16dedc-d8c9-4e7e-ae1d-60b38a67a201'),('AttributePath-460eeca4-5e7f-4687-8da0-ab6aafb85e1b','Attribute-3e16dedc-d8c9-4e7e-ae1d-60b38a67a201'),('AttributePath-4ce5a98f-57c4-4654-bf5e-b75f556d78c9','Attribute-3e16dedc-d8c9-4e7e-ae1d-60b38a67a201'),('AttributePath-598b641c-124b-4782-9e00-ea77fb61b591','Attribute-3e16dedc-d8c9-4e7e-ae1d-60b38a67a201'),('AttributePath-60ba7d94-fccc-43ba-bada-967e15dfedce','Attribute-3e16dedc-d8c9-4e7e-ae1d-60b38a67a201'),('AttributePath-68068246-5f1e-4d96-ac28-b09f93c1e909','Attribute-3e16dedc-d8c9-4e7e-ae1d-60b38a67a201'),('AttributePath-71553c01-71a6-4161-bfbf-1f74fb40d4b9','Attribute-3e16dedc-d8c9-4e7e-ae1d-60b38a67a201'),('AttributePath-7c9eab61-902e-4fa2-a420-2c792d61b0c9','Attribute-3e16dedc-d8c9-4e7e-ae1d-60b38a67a201'),('AttributePath-85cc49ea-833f-4904-a24b-e73aca3055c1','Attribute-3e16dedc-d8c9-4e7e-ae1d-60b38a67a201'),('AttributePath-8d22afec-a7bf-4c32-ba65-207e361a8345','Attribute-3e16dedc-d8c9-4e7e-ae1d-60b38a67a201'),('AttributePath-93d817bc-14bf-468c-bf47-5d0d20aa176a','Attribute-3e16dedc-d8c9-4e7e-ae1d-60b38a67a201'),('AttributePath-9ea79337-d8a1-4ba0-b1a5-cae557e0f581','Attribute-3e16dedc-d8c9-4e7e-ae1d-60b38a67a201'),('AttributePath-9ef212e9-23ab-4f03-821b-a50118509af3','Attribute-3e16dedc-d8c9-4e7e-ae1d-60b38a67a201'),('AttributePath-a10284b2-2de6-4a3c-881c-1acbf736c608','Attribute-3e16dedc-d8c9-4e7e-ae1d-60b38a67a201'),('AttributePath-ada09822-da81-4b76-8db5-4b96d4b1b6ca','Attribute-3e16dedc-d8c9-4e7e-ae1d-60b38a67a201'),('AttributePath-baa955c5-5a30-4b36-9118-450f78cfe485','Attribute-3e16dedc-d8c9-4e7e-ae1d-60b38a67a201'),('AttributePath-d7d7ed1b-b307-4d9f-ac26-783ffdb78c8f','Attribute-3e16dedc-d8c9-4e7e-ae1d-60b38a67a201'),('AttributePath-db66b827-6855-432f-8fd5-6fa48f7c6a45','Attribute-3e16dedc-d8c9-4e7e-ae1d-60b38a67a201'),('AttributePath-dbeaef3e-cefa-4e85-8ba5-22cb66d0b70c','Attribute-3e16dedc-d8c9-4e7e-ae1d-60b38a67a201'),('AttributePath-e3396c17-bf09-4f82-b662-7bbd8c11702c','Attribute-3e16dedc-d8c9-4e7e-ae1d-60b38a67a201'),('AttributePath-f058c3ad-c48a-4bc0-8ae6-11247f8c63f3','Attribute-3e16dedc-d8c9-4e7e-ae1d-60b38a67a201'),('AttributePath-310ddbc5-c1dc-4985-a272-c6f2a1ff2901','Attribute-40113c0e-b876-4327-83a2-4e21878b371a'),('AttributePath-60ba7d94-fccc-43ba-bada-967e15dfedce','Attribute-40113c0e-b876-4327-83a2-4e21878b371a'),('AttributePath-68068246-5f1e-4d96-ac28-b09f93c1e909','Attribute-40113c0e-b876-4327-83a2-4e21878b371a'),('AttributePath-71553c01-71a6-4161-bfbf-1f74fb40d4b9','Attribute-40113c0e-b876-4327-83a2-4e21878b371a'),('AttributePath-ada09822-da81-4b76-8db5-4b96d4b1b6ca','Attribute-40113c0e-b876-4327-83a2-4e21878b371a'),('AttributePath-f058c3ad-c48a-4bc0-8ae6-11247f8c63f3','Attribute-40113c0e-b876-4327-83a2-4e21878b371a'),('AttributePath-8341cdec-592a-4a06-9f21-55af7012fca4','Attribute-404e8596-55f7-475d-9634-6570927ad3f3'),('AttributePath-5cfc82cb-8787-445d-b23e-ca877580bc23','Attribute-459faf78-a147-477a-aa78-1aef59b4d438'),('AttributePath-8d22afec-a7bf-4c32-ba65-207e361a8345','Attribute-49e18d17-1730-4e70-9ed1-a7143b997a61'),('AttributePath-327aebd9-6519-43da-af9d-5ead1fb0b289','Attribute-4d3f8c46-cf89-4ab3-b784-62a6e59c2d3f'),('AttributePath-a9fa94e0-f8de-41b9-a1c6-c5be403fbefc','Attribute-4fe6e3f6-a1ad-4f4b-84df-6e6a5361bc59'),('AttributePath-1a1b2fde-331c-4813-8482-8901444b498c','Attribute-50779814-1634-4094-84d4-8ded55471495'),('AttributePath-179626f1-1c54-48ec-9a3c-433a3f84bcfb','Attribute-52cf7326-6ab1-40f8-9430-383e7f1b1f98'),('AttributePath-56e8dbe8-b0e3-4bb6-a5ca-ffeebee37d60','Attribute-5973d4a2-fc73-4ed3-984d-498c8e666079'),('AttributePath-dad4a73e-84eb-4f65-8753-45d36a634539','Attribute-5d6f045b-f3a4-4244-b5fb-4dd2f37f1f5d'),('AttributePath-59565fba-d3e2-4c37-ae09-ff7e80d7e5f0','Attribute-662b5453-24c6-4aba-8ec4-0f7f95042194'),('AttributePath-85cc49ea-833f-4904-a24b-e73aca3055c1','Attribute-662b5453-24c6-4aba-8ec4-0f7f95042194'),('AttributePath-a10284b2-2de6-4a3c-881c-1acbf736c608','Attribute-662b5453-24c6-4aba-8ec4-0f7f95042194'),('AttributePath-3d1dec2c-5330-4f8e-8920-c3b1c35bdfef','Attribute-67898eb7-2066-4311-b011-db2a7b7bebd1'),('AttributePath-c59c9780-48fd-43e4-acb8-708fe35c8a33','Attribute-69916553-39fa-428f-b2cf-b27907cce740'),('AttributePath-a38c4a6d-4159-4605-b0a9-24e3925f857c','Attribute-72b467ee-bbc1-4105-8c86-5f806f947dfd'),('AttributePath-1fb79496-7e45-406f-b9fc-b138ad7e593a','Attribute-77b76c52-54f1-409e-8e91-c574e23c1c5a'),('AttributePath-36c0936d-3dac-42f9-b368-c1d35433cb0b','Attribute-7a1f4276-749e-4c6b-8413-927ea1d4815e'),('AttributePath-460eeca4-5e7f-4687-8da0-ab6aafb85e1b','Attribute-7a1f4276-749e-4c6b-8413-927ea1d4815e'),('AttributePath-598b641c-124b-4782-9e00-ea77fb61b591','Attribute-7a1f4276-749e-4c6b-8413-927ea1d4815e'),('AttributePath-9ef212e9-23ab-4f03-821b-a50118509af3','Attribute-7a1f4276-749e-4c6b-8413-927ea1d4815e'),('AttributePath-d7d7ed1b-b307-4d9f-ac26-783ffdb78c8f','Attribute-7a1f4276-749e-4c6b-8413-927ea1d4815e'),('AttributePath-dbeaef3e-cefa-4e85-8ba5-22cb66d0b70c','Attribute-7a1f4276-749e-4c6b-8413-927ea1d4815e'),('AttributePath-8c024539-973d-4940-a5ca-c68df5f9b497','Attribute-82cfdd9d-ffee-407d-9f61-1c07aee47e46'),('AttributePath-7fc68632-9e0b-4d09-9eb1-ea8cc828facd','Attribute-832346b4-5fbb-46a9-aac3-c8f7b7d8c1e9'),('AttributePath-83e17c38-4bda-421c-acde-dfe3c7b2787b','Attribute-877464c3-f915-45d7-b039-15c4844f24fe'),('AttributePath-3a4a22ab-8227-4dbc-8738-5ef4a49d9689','Attribute-8beaace3-339a-4b6a-9436-41a867f58abb'),('AttributePath-4a092a7a-e029-4686-b95c-4b324438462f','Attribute-901bdd0b-88dd-41f1-afe9-602cadad27d7'),('AttributePath-0c4632ac-5eff-40a7-bb52-be48f283a494','Attribute-91a6d43b-d143-4dd3-86ff-025021d17b64'),('AttributePath-0036120b-399c-47b0-b1b1-6ed7bb197eb5','Attribute-a513da32-2af5-49af-aabe-ee1150d9f6db'),('AttributePath-17f5b60d-7b7d-4432-885f-96f1b1954be3','Attribute-a513da32-2af5-49af-aabe-ee1150d9f6db'),('AttributePath-4ce5a98f-57c4-4654-bf5e-b75f556d78c9','Attribute-a513da32-2af5-49af-aabe-ee1150d9f6db'),('AttributePath-68068246-5f1e-4d96-ac28-b09f93c1e909','Attribute-a513da32-2af5-49af-aabe-ee1150d9f6db'),('AttributePath-8131149a-6165-4ee0-bb6f-0a942776caa4','Attribute-a513da32-2af5-49af-aabe-ee1150d9f6db'),('AttributePath-9ef212e9-23ab-4f03-821b-a50118509af3','Attribute-a513da32-2af5-49af-aabe-ee1150d9f6db'),('AttributePath-db66b827-6855-432f-8fd5-6fa48f7c6a45','Attribute-a513da32-2af5-49af-aabe-ee1150d9f6db'),('AttributePath-dbeaef3e-cefa-4e85-8ba5-22cb66d0b70c','Attribute-a513da32-2af5-49af-aabe-ee1150d9f6db'),('AttributePath-f058c3ad-c48a-4bc0-8ae6-11247f8c63f3','Attribute-a513da32-2af5-49af-aabe-ee1150d9f6db'),('AttributePath-36c0936d-3dac-42f9-b368-c1d35433cb0b','Attribute-a61cce4c-9cc4-4881-abf2-c9bd8b724c73'),('AttributePath-41412c0a-90c2-473d-9551-d4131451a73c','Attribute-a61cce4c-9cc4-4881-abf2-c9bd8b724c73'),('AttributePath-460eeca4-5e7f-4687-8da0-ab6aafb85e1b','Attribute-a61cce4c-9cc4-4881-abf2-c9bd8b724c73'),('AttributePath-60ba7d94-fccc-43ba-bada-967e15dfedce','Attribute-a61cce4c-9cc4-4881-abf2-c9bd8b724c73'),('AttributePath-9ea79337-d8a1-4ba0-b1a5-cae557e0f581','Attribute-a61cce4c-9cc4-4881-abf2-c9bd8b724c73'),('AttributePath-ada09822-da81-4b76-8db5-4b96d4b1b6ca','Attribute-a61cce4c-9cc4-4881-abf2-c9bd8b724c73'),('AttributePath-d1cc2b34-665e-4a09-9cd5-9a005eb3f269','Attribute-a6a22fdb-36e9-4f2f-a271-6047240258d4'),('AttributePath-9543fef7-0e09-477c-815e-900f77601edd','Attribute-b00331a3-95c8-44a2-9e46-5de4cf5cff87'),('AttributePath-e91dff27-2e34-4fce-8265-fddb0bbb00b6','Attribute-d0e82f58-057d-461b-a031-c5102a7e9fcc'),('AttributePath-1b71aac7-dd2f-440d-91c4-0a073208db71','Attribute-d50ecd59-3162-4b3d-9a93-59051f1a5f88'),('AttributePath-55555c99-dc14-4391-b20a-2190c473f3b5','Attribute-df033e16-666b-46c7-b817-30fc09e1d300'),('AttributePath-7290869a-d3e3-40cc-9167-66b1775dfe3f','Attribute-e1a247b8-7855-4b82-9893-6b06cb415e5b'),('AttributePath-83d4d7ec-27e4-42f9-b5b8-ca23898f5139','Attribute-e1ec31e7-3e31-4962-961b-4782bf143f2d'),('AttributePath-8c5f683e-d342-4208-948b-7d592392d98e','Attribute-e454c783-e6db-4bcc-9518-8206a28d13cc'),('AttributePath-0036120b-399c-47b0-b1b1-6ed7bb197eb5','Attribute-e5181dbe-a35a-458c-8df3-9fbe57eea3d7'),('AttributePath-17f5b60d-7b7d-4432-885f-96f1b1954be3','Attribute-e5181dbe-a35a-458c-8df3-9fbe57eea3d7'),('AttributePath-310ddbc5-c1dc-4985-a272-c6f2a1ff2901','Attribute-e5181dbe-a35a-458c-8df3-9fbe57eea3d7'),('AttributePath-36c0936d-3dac-42f9-b368-c1d35433cb0b','Attribute-e5181dbe-a35a-458c-8df3-9fbe57eea3d7'),('AttributePath-598b641c-124b-4782-9e00-ea77fb61b591','Attribute-e5181dbe-a35a-458c-8df3-9fbe57eea3d7'),('AttributePath-60ba7d94-fccc-43ba-bada-967e15dfedce','Attribute-e5181dbe-a35a-458c-8df3-9fbe57eea3d7'),('AttributePath-7c9eab61-902e-4fa2-a420-2c792d61b0c9','Attribute-e5181dbe-a35a-458c-8df3-9fbe57eea3d7'),('AttributePath-8d22afec-a7bf-4c32-ba65-207e361a8345','Attribute-e5181dbe-a35a-458c-8df3-9fbe57eea3d7'),('AttributePath-9ea79337-d8a1-4ba0-b1a5-cae557e0f581','Attribute-e5181dbe-a35a-458c-8df3-9fbe57eea3d7'),('AttributePath-9ef212e9-23ab-4f03-821b-a50118509af3','Attribute-e5181dbe-a35a-458c-8df3-9fbe57eea3d7'),('AttributePath-a10284b2-2de6-4a3c-881c-1acbf736c608','Attribute-e5181dbe-a35a-458c-8df3-9fbe57eea3d7'),('AttributePath-e3396c17-bf09-4f82-b662-7bbd8c11702c','Attribute-e5181dbe-a35a-458c-8df3-9fbe57eea3d7'),('AttributePath-f058c3ad-c48a-4bc0-8ae6-11247f8c63f3','Attribute-e5181dbe-a35a-458c-8df3-9fbe57eea3d7'),('AttributePath-15061dbd-9ec9-4057-9761-ca9b72245a71','Attribute-e841e549-cca8-4771-9eae-a5e16fa2830d'),('AttributePath-f881b955-953b-44b5-955f-15a66674635f','Attribute-fbe9c999-0e72-4aec-8eb5-5924001bf9dc');
/*!40000 ALTER TABLE `ATTRIBUTE_PATHS_ATTRIBUTES` ENABLE KEYS */;

--
-- Dumping data for table `ATTRIBUTE_PATH_INSTANCE`
--

/*!40000 ALTER TABLE `ATTRIBUTE_PATH_INSTANCE` DISABLE KEYS */;
INSERT INTO `ATTRIBUTE_PATH_INSTANCE` VALUES ('SchemaAttributePathInstance-06c1a492-574f-4def-9d7d-49bde05b696a',NULL,'SchemaAttributePathInstance','AttributePath-85cc49ea-833f-4904-a24b-e73aca3055c1'),('SchemaAttributePathInstance-070bcec6-9318-4d76-850e-f3e86249cd21',NULL,'SchemaAttributePathInstance','AttributePath-1b71aac7-dd2f-440d-91c4-0a073208db71'),('SchemaAttributePathInstance-0920d67e-b4be-4b02-a6df-6e37353b9e65',NULL,'SchemaAttributePathInstance','AttributePath-9543fef7-0e09-477c-815e-900f77601edd'),('SchemaAttributePathInstance-119fe2f7-9750-447a-9714-21a6f4f56ee7',NULL,'SchemaAttributePathInstance','AttributePath-3a4a22ab-8227-4dbc-8738-5ef4a49d9689'),('SchemaAttributePathInstance-1c089acd-5d53-4133-add5-048d0fe7171b',NULL,'SchemaAttributePathInstance','AttributePath-e3396c17-bf09-4f82-b662-7bbd8c11702c'),('SchemaAttributePathInstance-1ec836dd-757a-4978-855a-ca9da7b57372',NULL,'SchemaAttributePathInstance','AttributePath-e91dff27-2e34-4fce-8265-fddb0bbb00b6'),('SchemaAttributePathInstance-26ec5dea-fd96-425d-871a-ae37ec131dce',NULL,'SchemaAttributePathInstance','AttributePath-5cfc82cb-8787-445d-b23e-ca877580bc23'),('SchemaAttributePathInstance-28e51945-1125-4580-9bd5-fe65b3f4b3a8',NULL,'SchemaAttributePathInstance','AttributePath-d7d7ed1b-b307-4d9f-ac26-783ffdb78c8f'),('SchemaAttributePathInstance-2ec202f2-da71-42db-b131-db743e43e82c',NULL,'SchemaAttributePathInstance','AttributePath-e4722249-545e-468c-bff2-0aca969c9ede'),('SchemaAttributePathInstance-2efc4e2e-235e-4d6c-82e2-7145a7f0bca1',NULL,'SchemaAttributePathInstance','AttributePath-f71ee277-10bb-44ac-89ca-5348ca5660c1'),('SchemaAttributePathInstance-3428572a-14f1-4964-a607-398ce433fe39',NULL,'SchemaAttributePathInstance','AttributePath-8c5f683e-d342-4208-948b-7d592392d98e'),('SchemaAttributePathInstance-39973714-68a2-4617-905e-fec8d53c4d5d',NULL,'SchemaAttributePathInstance','AttributePath-a9fa94e0-f8de-41b9-a1c6-c5be403fbefc'),('SchemaAttributePathInstance-3a6ae6c0-cd4e-480f-b6bc-2c01952270e2',NULL,'SchemaAttributePathInstance','AttributePath-7fc68632-9e0b-4d09-9eb1-ea8cc828facd'),('SchemaAttributePathInstance-3f4a6a03-720c-49a9-bc55-e539ca172be7',NULL,'SchemaAttributePathInstance','AttributePath-327aebd9-6519-43da-af9d-5ead1fb0b289'),('SchemaAttributePathInstance-3fd7c5de-3f89-4d91-b6ac-1603255c4919',NULL,'SchemaAttributePathInstance','AttributePath-0c4632ac-5eff-40a7-bb52-be48f283a494'),('SchemaAttributePathInstance-40346f35-105c-4b66-a9d9-4633f021d85e',NULL,'SchemaAttributePathInstance','AttributePath-72cbc7db-8a6c-4a2f-be0d-0fa3c281dece'),('SchemaAttributePathInstance-42237ed5-2dd6-4752-86b1-a4767dc22e40',NULL,'SchemaAttributePathInstance','AttributePath-56e8dbe8-b0e3-4bb6-a5ca-ffeebee37d60'),('SchemaAttributePathInstance-4241271c-9cca-44e0-bca9-f171801cdd26',NULL,'SchemaAttributePathInstance','AttributePath-8c024539-973d-4940-a5ca-c68df5f9b497'),('SchemaAttributePathInstance-435a332f-8952-45af-bc1c-68769548ddb6',NULL,'SchemaAttributePathInstance','AttributePath-38042ed4-9afd-440b-98e4-e52008e497f4'),('SchemaAttributePathInstance-43c4742d-cd90-4531-9e44-d63ea081df05',NULL,'SchemaAttributePathInstance','AttributePath-7c9eab61-902e-4fa2-a420-2c792d61b0c9'),('SchemaAttributePathInstance-482c1822-d58f-4b49-b0df-2c42dd7dc040',NULL,'SchemaAttributePathInstance','AttributePath-15061dbd-9ec9-4057-9761-ca9b72245a71'),('SchemaAttributePathInstance-4986c4bc-c961-46bd-9093-63467d837a0b',NULL,'SchemaAttributePathInstance','AttributePath-d1cc2b34-665e-4a09-9cd5-9a005eb3f269'),('SchemaAttributePathInstance-4be6b2b4-0f3a-4b78-b7a8-5fcd223f8f30',NULL,'SchemaAttributePathInstance','AttributePath-f881b955-953b-44b5-955f-15a66674635f'),('SchemaAttributePathInstance-594cd557-7a61-4a2f-b50a-3a9c455ba810',NULL,'SchemaAttributePathInstance','AttributePath-4a092a7a-e029-4686-b95c-4b324438462f'),('SchemaAttributePathInstance-5c0fee36-de89-4a55-ab5e-5ffc0ae329c0',NULL,'SchemaAttributePathInstance','AttributePath-9ea79337-d8a1-4ba0-b1a5-cae557e0f581'),('SchemaAttributePathInstance-6043101e-8965-4569-ba45-6b389849b479',NULL,'SchemaAttributePathInstance','AttributePath-8341cdec-592a-4a06-9f21-55af7012fca4'),('SchemaAttributePathInstance-60b7055b-3262-4e95-a7a0-f33cd1ceda53',NULL,'SchemaAttributePathInstance','AttributePath-f058c3ad-c48a-4bc0-8ae6-11247f8c63f3'),('SchemaAttributePathInstance-683f79d4-bc03-4531-8197-dda3b45a91e5',NULL,'SchemaAttributePathInstance','AttributePath-179626f1-1c54-48ec-9a3c-433a3f84bcfb'),('SchemaAttributePathInstance-6acbfb61-7caf-4dce-9d82-33027227fc2c',NULL,'SchemaAttributePathInstance','AttributePath-8131149a-6165-4ee0-bb6f-0a942776caa4'),('SchemaAttributePathInstance-6cbc750b-b5a4-4600-a868-4b4afefec4f9',NULL,'SchemaAttributePathInstance','AttributePath-f6da5272-1f0e-44a3-bb9e-e901400e6df2'),('SchemaAttributePathInstance-71065232-966e-43f9-b987-ae73b9be6f87',NULL,'SchemaAttributePathInstance','AttributePath-93d817bc-14bf-468c-bf47-5d0d20aa176a'),('SchemaAttributePathInstance-7137a9d5-77e9-4f5f-8401-976a0a4651fc',NULL,'SchemaAttributePathInstance','AttributePath-7861d512-148f-46b1-ae2f-776db8667411'),('SchemaAttributePathInstance-77d17771-4101-4b98-8352-454432f5eed8',NULL,'SchemaAttributePathInstance','AttributePath-9ef212e9-23ab-4f03-821b-a50118509af3'),('SchemaAttributePathInstance-785f2dd1-2a88-419d-affb-e5202a29fbee',NULL,'SchemaAttributePathInstance','AttributePath-f2881420-181e-44f6-a7b7-d80af331bde8'),('SchemaAttributePathInstance-7f03d786-a5f3-4780-8421-5c8f719477fa',NULL,'SchemaAttributePathInstance','AttributePath-dad4a73e-84eb-4f65-8753-45d36a634539'),('SchemaAttributePathInstance-88090af9-a807-44a6-b018-fd49c966427c',NULL,'SchemaAttributePathInstance','AttributePath-60ba7d94-fccc-43ba-bada-967e15dfedce'),('SchemaAttributePathInstance-89925612-ab23-42f1-9e15-1cf2e5f7de4d',NULL,'SchemaAttributePathInstance','AttributePath-db66b827-6855-432f-8fd5-6fa48f7c6a45'),('SchemaAttributePathInstance-8b11ea13-3fdd-4f31-a195-97b608667326',NULL,'SchemaAttributePathInstance','AttributePath-8131149a-6165-4ee0-bb6f-0a942776caa4'),('SchemaAttributePathInstance-90050408-57bf-4fe6-9ea5-ef18de90390c',NULL,'SchemaAttributePathInstance','AttributePath-17f5b60d-7b7d-4432-885f-96f1b1954be3'),('SchemaAttributePathInstance-9242c93a-1eb2-4855-8366-b5d2e13b6ca1',NULL,'SchemaAttributePathInstance','AttributePath-59565fba-d3e2-4c37-ae09-ff7e80d7e5f0'),('SchemaAttributePathInstance-944651dd-baa0-488a-a8cc-9012886d7bf0',NULL,'SchemaAttributePathInstance','AttributePath-ff14464a-522c-4b56-8248-51de77902d20'),('SchemaAttributePathInstance-97cea510-1e75-4e29-9b7d-aba9bc860435',NULL,'SchemaAttributePathInstance','AttributePath-c988a4c1-585b-4e2b-8056-a4d8b49a3416'),('SchemaAttributePathInstance-99ec0a5b-9b8f-410b-9449-e120b9563459',NULL,'SchemaAttributePathInstance','AttributePath-dbeaef3e-cefa-4e85-8ba5-22cb66d0b70c'),('SchemaAttributePathInstance-9aad08dd-941b-4df2-bf5e-69e71447da6d',NULL,'SchemaAttributePathInstance','AttributePath-598b641c-124b-4782-9e00-ea77fb61b591'),('SchemaAttributePathInstance-9d52de0c-2d03-4c5e-ae66-921c89e29c43',NULL,'SchemaAttributePathInstance','AttributePath-7290869a-d3e3-40cc-9167-66b1775dfe3f'),('SchemaAttributePathInstance-a144a5ee-9db3-46e8-af3b-29b408aae4b5',NULL,'SchemaAttributePathInstance','AttributePath-1fb79496-7e45-406f-b9fc-b138ad7e593a'),('SchemaAttributePathInstance-a640a2d7-71aa-4cf3-825f-779b157c515a',NULL,'SchemaAttributePathInstance','AttributePath-d1cc2b34-665e-4a09-9cd5-9a005eb3f269'),('SchemaAttributePathInstance-ad946c45-145e-4ca5-b279-3b332b46c26b',NULL,'SchemaAttributePathInstance','AttributePath-1a1b2fde-331c-4813-8482-8901444b498c'),('SchemaAttributePathInstance-ae3ace40-064a-4350-9105-6d086d10e459',NULL,'SchemaAttributePathInstance','AttributePath-a38c4a6d-4159-4605-b0a9-24e3925f857c'),('SchemaAttributePathInstance-b96529ea-3218-488c-a588-5b2a87527f58',NULL,'SchemaAttributePathInstance','AttributePath-460eeca4-5e7f-4687-8da0-ab6aafb85e1b'),('SchemaAttributePathInstance-bd43d416-a9d7-476f-89ed-7c7fb7dcd694',NULL,'SchemaAttributePathInstance','AttributePath-8131149a-6165-4ee0-bb6f-0a942776caa4'),('SchemaAttributePathInstance-c2eb3e4f-3601-46af-a53e-c92690f0c365',NULL,'SchemaAttributePathInstance','AttributePath-71553c01-71a6-4161-bfbf-1f74fb40d4b9'),('SchemaAttributePathInstance-c38fd478-8786-4984-9db6-fec28f72f270',NULL,'SchemaAttributePathInstance','AttributePath-0036120b-399c-47b0-b1b1-6ed7bb197eb5'),('SchemaAttributePathInstance-c73c9ec6-7bbe-4b88-b291-ab743a3cf15d',NULL,'SchemaAttributePathInstance','AttributePath-83e17c38-4bda-421c-acde-dfe3c7b2787b'),('SchemaAttributePathInstance-c7ea5287-792c-47a6-9194-c880374f38df',NULL,'SchemaAttributePathInstance','AttributePath-baa955c5-5a30-4b36-9118-450f78cfe485'),('SchemaAttributePathInstance-c98f2976-92df-4c1d-9410-12b776ff99be',NULL,'SchemaAttributePathInstance','AttributePath-ada09822-da81-4b76-8db5-4b96d4b1b6ca'),('SchemaAttributePathInstance-ce842328-8c32-4b09-bb5a-decc64a08f67',NULL,'SchemaAttributePathInstance','AttributePath-1c7ce0b4-0431-485b-a2b1-fef225401694'),('SchemaAttributePathInstance-d1a07b6d-e0bf-4fe9-a2ca-2b40fad5e05f',NULL,'SchemaAttributePathInstance','AttributePath-36c0936d-3dac-42f9-b368-c1d35433cb0b'),('SchemaAttributePathInstance-d3d446b7-9ce0-48d3-9a28-412f90b46860',NULL,'SchemaAttributePathInstance','AttributePath-55555c99-dc14-4391-b20a-2190c473f3b5'),('SchemaAttributePathInstance-d4c685ca-5776-4289-9607-7b4990dd104f',NULL,'SchemaAttributePathInstance','AttributePath-459fcb4f-de49-4ef4-875a-91dbfdd8c42d'),('SchemaAttributePathInstance-e0630414-304d-4b4e-879b-7808e08368d5',NULL,'SchemaAttributePathInstance','AttributePath-310ddbc5-c1dc-4985-a272-c6f2a1ff2901'),('SchemaAttributePathInstance-e70579a3-339e-4a6f-95ed-f3936e4833ff',NULL,'SchemaAttributePathInstance','AttributePath-68068246-5f1e-4d96-ac28-b09f93c1e909'),('SchemaAttributePathInstance-e7d4352b-89d4-40d9-b10c-4383b19d93d3',NULL,'SchemaAttributePathInstance','AttributePath-41412c0a-90c2-473d-9551-d4131451a73c'),('SchemaAttributePathInstance-e800d334-06a0-485b-aa4f-b2eb6e535bf9',NULL,'SchemaAttributePathInstance','AttributePath-a10284b2-2de6-4a3c-881c-1acbf736c608'),('SchemaAttributePathInstance-e80ee89e-1cec-4a3d-b9b2-6cc897176dd0',NULL,'SchemaAttributePathInstance','AttributePath-8131149a-6165-4ee0-bb6f-0a942776caa4'),('SchemaAttributePathInstance-e98b45be-d830-4dbb-8662-c31e0d8f0c99',NULL,'SchemaAttributePathInstance','AttributePath-8d22afec-a7bf-4c32-ba65-207e361a8345'),('SchemaAttributePathInstance-f0bafdd3-3002-478b-989d-81ac841852fc',NULL,'SchemaAttributePathInstance','AttributePath-3d1dec2c-5330-4f8e-8920-c3b1c35bdfef'),('SchemaAttributePathInstance-f53476cd-8532-4e80-b4f2-fdb5da43903d',NULL,'SchemaAttributePathInstance','AttributePath-4ce5a98f-57c4-4654-bf5e-b75f556d78c9'),('SchemaAttributePathInstance-f79ce416-69d4-406f-a8e7-e14b63c53058',NULL,'SchemaAttributePathInstance','AttributePath-c59c9780-48fd-43e4-acb8-708fe35c8a33'),('SchemaAttributePathInstance-fdd0c560-839a-492f-a9aa-29641c46875b',NULL,'SchemaAttributePathInstance','AttributePath-83d4d7ec-27e4-42f9-b5b8-ca23898f5139');
/*!40000 ALTER TABLE `ATTRIBUTE_PATH_INSTANCE` ENABLE KEYS */;

--
-- Dumping data for table `CLASS`
--

/*!40000 ALTER TABLE `CLASS` DISABLE KEYS */;
INSERT INTO `CLASS` VALUES ('Clasz-3f772842-4414-4b5c-9062-6f4256d05c57','Document','http://purl.org/ontology/bibo/Document'),('Clasz-67e078c5-8d6c-4924-b013-c41e66839b2f','ContractItem','http://vocab.ub.uni-leipzig.de/bibrm/ContractItem'),('Clasz-7ebffd64-b84a-4831-a669-f2bab0a7d7b7','Person','http://xmlns.com/foaf/0.1/Person'),('Clasz-941ebfc9-75da-4010-815b-ccccee09fbd9','datensatzType','http://www.ddb.de/professionell/mabxml/mabxml-1.xsd#datensatzType');
/*!40000 ALTER TABLE `CLASS` ENABLE KEYS */;

--
-- Dumping data for table `COMPONENT`
--

/*!40000 ALTER TABLE `COMPONENT` DISABLE KEYS */;
/*!40000 ALTER TABLE `COMPONENT` ENABLE KEYS */;

--
-- Dumping data for table `CONFIGURATION`
--

/*!40000 ALTER TABLE `CONFIGURATION` DISABLE KEYS */;
/*!40000 ALTER TABLE `CONFIGURATION` ENABLE KEYS */;

--
-- Dumping data for table `CONFIGURATIONS_RESOURCES`
--

/*!40000 ALTER TABLE `CONFIGURATIONS_RESOURCES` DISABLE KEYS */;
/*!40000 ALTER TABLE `CONFIGURATIONS_RESOURCES` ENABLE KEYS */;

--
-- Dumping data for table `CONTENT_SCHEMA`
--

/*!40000 ALTER TABLE `CONTENT_SCHEMA` DISABLE KEYS */;
INSERT INTO `CONTENT_SCHEMA` VALUES ('ContentSchema-7898247e-70fe-4221-888c-68dfdf7d270b','mab content schema','[\"AttributePath-327aebd9-6519-43da-af9d-5ead1fb0b289\",\"AttributePath-1a1b2fde-331c-4813-8482-8901444b498c\"]','AttributePath-59565fba-d3e2-4c37-ae09-ff7e80d7e5f0','AttributePath-41412c0a-90c2-473d-9551-d4131451a73c');
/*!40000 ALTER TABLE `CONTENT_SCHEMA` ENABLE KEYS */;

--
-- Dumping data for table `CONTENT_SCHEMAS_KEY_ATTRIBUTE_PATHS`
--

/*!40000 ALTER TABLE `CONTENT_SCHEMAS_KEY_ATTRIBUTE_PATHS` DISABLE KEYS */;
INSERT INTO `CONTENT_SCHEMAS_KEY_ATTRIBUTE_PATHS` VALUES ('ContentSchema-7898247e-70fe-4221-888c-68dfdf7d270b','AttributePath-1a1b2fde-331c-4813-8482-8901444b498c'),('ContentSchema-7898247e-70fe-4221-888c-68dfdf7d270b','AttributePath-327aebd9-6519-43da-af9d-5ead1fb0b289');
/*!40000 ALTER TABLE `CONTENT_SCHEMAS_KEY_ATTRIBUTE_PATHS` ENABLE KEYS */;

--
-- Dumping data for table `DATA_MODEL`
--

/*!40000 ALTER TABLE `DATA_MODEL` DISABLE KEYS */;
INSERT INTO `DATA_MODEL` VALUES ('DataModel-23451d9d-adf6-4352-90f8-4f17cccf5d36','Internal Data Model foafPerson','Internal Data Model foafPerson',NULL,NULL,'Schema-309e901c-3da9-4d82-a694-bab632eaa340'),('DataModel-4f399d11-81ae-45af-b2f4-645aa177ab85','Internal Data Model mabxml','Internal Data Model mabxml',NULL,NULL,'Schema-d87ba5c2-b02b-481d-a62d-2b46dd66d347'),('DataModel-7e170c22-1371-4836-9a09-515524a1a8d5','Internal Data Model ContractItem','Internal Data Model ContractItem',NULL,NULL,'Schema-70228b28-10fc-43fe-9d3e-ad22b038ebdf'),('DataModel-cf998267-392a-4d87-a33a-88dd1bffb016','Internal Data Model BiboDocument','Internal Data Model BiboDocument',NULL,NULL,'Schema-ff62ec21-0a11-4c27-a704-d7ca53a21521');
/*!40000 ALTER TABLE `DATA_MODEL` ENABLE KEYS */;

--
-- Dumping data for table `DATA_SCHEMA`
--

/*!40000 ALTER TABLE `DATA_SCHEMA` DISABLE KEYS */;
INSERT INTO `DATA_SCHEMA` VALUES ('Schema-309e901c-3da9-4d82-a694-bab632eaa340','foaf:Person-Schema','[\"SchemaAttributePathInstance-bd43d416-a9d7-476f-89ed-7c7fb7dcd694\",\"SchemaAttributePathInstance-40346f35-105c-4b66-a9d9-4633f021d85e\",\"SchemaAttributePathInstance-d3d446b7-9ce0-48d3-9a28-412f90b46860\"]',NULL,'Clasz-7ebffd64-b84a-4831-a669-f2bab0a7d7b7'),('Schema-70228b28-10fc-43fe-9d3e-ad22b038ebdf','bibrm:ContractItem-Schema (ERM-Scenario)','[\"SchemaAttributePathInstance-e80ee89e-1cec-4a3d-b9b2-6cc897176dd0\",\"SchemaAttributePathInstance-4be6b2b4-0f3a-4b78-b7a8-5fcd223f8f30\",\"SchemaAttributePathInstance-a640a2d7-71aa-4cf3-825f-779b157c515a\",\"SchemaAttributePathInstance-9d52de0c-2d03-4c5e-ae66-921c89e29c43\"]',NULL,'Clasz-67e078c5-8d6c-4924-b013-c41e66839b2f'),('Schema-d87ba5c2-b02b-481d-a62d-2b46dd66d347','mabxml schema','[\"SchemaAttributePathInstance-6acbfb61-7caf-4dce-9d82-33027227fc2c\",\"SchemaAttributePathInstance-9242c93a-1eb2-4855-8366-b5d2e13b6ca1\",\"SchemaAttributePathInstance-7137a9d5-77e9-4f5f-8401-976a0a4651fc\",\"SchemaAttributePathInstance-a144a5ee-9db3-46e8-af3b-29b408aae4b5\",\"SchemaAttributePathInstance-97cea510-1e75-4e29-9b7d-aba9bc860435\",\"SchemaAttributePathInstance-c7ea5287-792c-47a6-9194-c880374f38df\",\"SchemaAttributePathInstance-f53476cd-8532-4e80-b4f2-fdb5da43903d\",\"SchemaAttributePathInstance-06c1a492-574f-4def-9d7d-49bde05b696a\",\"SchemaAttributePathInstance-3f4a6a03-720c-49a9-bc55-e539ca172be7\",\"SchemaAttributePathInstance-ad946c45-145e-4ca5-b279-3b332b46c26b\",\"SchemaAttributePathInstance-e7d4352b-89d4-40d9-b10c-4383b19d93d3\",\"SchemaAttributePathInstance-71065232-966e-43f9-b987-ae73b9be6f87\",\"SchemaAttributePathInstance-89925612-ab23-42f1-9e15-1cf2e5f7de4d\",\"SchemaAttributePathInstance-28e51945-1125-4580-9bd5-fe65b3f4b3a8\",\"SchemaAttributePathInstance-99ec0a5b-9b8f-410b-9449-e120b9563459\",\"SchemaAttributePathInstance-b96529ea-3218-488c-a588-5b2a87527f58\",\"SchemaAttributePathInstance-c2eb3e4f-3601-46af-a53e-c92690f0c365\",\"SchemaAttributePathInstance-e70579a3-339e-4a6f-95ed-f3936e4833ff\",\"SchemaAttributePathInstance-c98f2976-92df-4c1d-9410-12b776ff99be\",\"SchemaAttributePathInstance-1c089acd-5d53-4133-add5-048d0fe7171b\",\"SchemaAttributePathInstance-c38fd478-8786-4984-9db6-fec28f72f270\",\"SchemaAttributePathInstance-e800d334-06a0-485b-aa4f-b2eb6e535bf9\",\"SchemaAttributePathInstance-e98b45be-d830-4dbb-8662-c31e0d8f0c99\",\"SchemaAttributePathInstance-5c0fee36-de89-4a55-ab5e-5ffc0ae329c0\",\"SchemaAttributePathInstance-43c4742d-cd90-4531-9e44-d63ea081df05\",\"SchemaAttributePathInstance-90050408-57bf-4fe6-9ea5-ef18de90390c\",\"SchemaAttributePathInstance-9aad08dd-941b-4df2-bf5e-69e71447da6d\",\"SchemaAttributePathInstance-77d17771-4101-4b98-8352-454432f5eed8\",\"SchemaAttributePathInstance-d1a07b6d-e0bf-4fe9-a2ca-2b40fad5e05f\",\"SchemaAttributePathInstance-e0630414-304d-4b4e-879b-7808e08368d5\",\"SchemaAttributePathInstance-60b7055b-3262-4e95-a7a0-f33cd1ceda53\",\"SchemaAttributePathInstance-88090af9-a807-44a6-b018-fd49c966427c\"]','ContentSchema-7898247e-70fe-4221-888c-68dfdf7d270b','Clasz-941ebfc9-75da-4010-815b-ccccee09fbd9'),('Schema-ff62ec21-0a11-4c27-a704-d7ca53a21521','bibo:Document-Schema (KIM-Titeldaten)','[\"SchemaAttributePathInstance-4986c4bc-c961-46bd-9093-63467d837a0b\",\"SchemaAttributePathInstance-0920d67e-b4be-4b02-a6df-6e37353b9e65\",\"SchemaAttributePathInstance-c73c9ec6-7bbe-4b88-b291-ab743a3cf15d\",\"SchemaAttributePathInstance-119fe2f7-9750-447a-9714-21a6f4f56ee7\",\"SchemaAttributePathInstance-2efc4e2e-235e-4d6c-82e2-7145a7f0bca1\",\"SchemaAttributePathInstance-6cbc750b-b5a4-4600-a868-4b4afefec4f9\",\"SchemaAttributePathInstance-7f03d786-a5f3-4780-8421-5c8f719477fa\",\"SchemaAttributePathInstance-1ec836dd-757a-4978-855a-ca9da7b57372\",\"SchemaAttributePathInstance-6043101e-8965-4569-ba45-6b389849b479\",\"SchemaAttributePathInstance-3fd7c5de-3f89-4d91-b6ac-1603255c4919\",\"SchemaAttributePathInstance-26ec5dea-fd96-425d-871a-ae37ec131dce\",\"SchemaAttributePathInstance-482c1822-d58f-4b49-b0df-2c42dd7dc040\",\"SchemaAttributePathInstance-594cd557-7a61-4a2f-b50a-3a9c455ba810\",\"SchemaAttributePathInstance-ce842328-8c32-4b09-bb5a-decc64a08f67\",\"SchemaAttributePathInstance-4241271c-9cca-44e0-bca9-f171801cdd26\",\"SchemaAttributePathInstance-2ec202f2-da71-42db-b131-db743e43e82c\",\"SchemaAttributePathInstance-070bcec6-9318-4d76-850e-f3e86249cd21\",\"SchemaAttributePathInstance-f0bafdd3-3002-478b-989d-81ac841852fc\",\"SchemaAttributePathInstance-944651dd-baa0-488a-a8cc-9012886d7bf0\",\"SchemaAttributePathInstance-8b11ea13-3fdd-4f31-a195-97b608667326\",\"SchemaAttributePathInstance-ae3ace40-064a-4350-9105-6d086d10e459\",\"SchemaAttributePathInstance-42237ed5-2dd6-4752-86b1-a4767dc22e40\",\"SchemaAttributePathInstance-683f79d4-bc03-4531-8197-dda3b45a91e5\",\"SchemaAttributePathInstance-3428572a-14f1-4964-a607-398ce433fe39\",\"SchemaAttributePathInstance-d4c685ca-5776-4289-9607-7b4990dd104f\",\"SchemaAttributePathInstance-435a332f-8952-45af-bc1c-68769548ddb6\",\"SchemaAttributePathInstance-fdd0c560-839a-492f-a9aa-29641c46875b\",\"SchemaAttributePathInstance-f79ce416-69d4-406f-a8e7-e14b63c53058\",\"SchemaAttributePathInstance-785f2dd1-2a88-419d-affb-e5202a29fbee\",\"SchemaAttributePathInstance-39973714-68a2-4617-905e-fec8d53c4d5d\",\"SchemaAttributePathInstance-3a6ae6c0-cd4e-480f-b6bc-2c01952270e2\"]',NULL,'Clasz-3f772842-4414-4b5c-9062-6f4256d05c57');
/*!40000 ALTER TABLE `DATA_SCHEMA` ENABLE KEYS */;

--
-- Dumping data for table `FILTER`
--

/*!40000 ALTER TABLE `FILTER` DISABLE KEYS */;
/*!40000 ALTER TABLE `FILTER` ENABLE KEYS */;

--
-- Dumping data for table `FUNCTION`
--

/*!40000 ALTER TABLE `FUNCTION` DISABLE KEYS */;
/*!40000 ALTER TABLE `FUNCTION` ENABLE KEYS */;

--
-- Dumping data for table `INPUT_COMPONENTS_OUTPUT_COMPONENTS`
--

/*!40000 ALTER TABLE `INPUT_COMPONENTS_OUTPUT_COMPONENTS` DISABLE KEYS */;
/*!40000 ALTER TABLE `INPUT_COMPONENTS_OUTPUT_COMPONENTS` ENABLE KEYS */;

--
-- Dumping data for table `MAPPING`
--

/*!40000 ALTER TABLE `MAPPING` DISABLE KEYS */;
/*!40000 ALTER TABLE `MAPPING` ENABLE KEYS */;

--
-- Dumping data for table `MAPPINGS_INPUT_ATTRIBUTE_PATHS`
--

/*!40000 ALTER TABLE `MAPPINGS_INPUT_ATTRIBUTE_PATHS` DISABLE KEYS */;
/*!40000 ALTER TABLE `MAPPINGS_INPUT_ATTRIBUTE_PATHS` ENABLE KEYS */;

--
-- Dumping data for table `MAPPING_ATTRIBUTE_PATH_INSTANCE`
--

/*!40000 ALTER TABLE `MAPPING_ATTRIBUTE_PATH_INSTANCE` DISABLE KEYS */;
/*!40000 ALTER TABLE `MAPPING_ATTRIBUTE_PATH_INSTANCE` ENABLE KEYS */;

--
-- Dumping data for table `PROJECT`
--

/*!40000 ALTER TABLE `PROJECT` DISABLE KEYS */;
/*!40000 ALTER TABLE `PROJECT` ENABLE KEYS */;

--
-- Dumping data for table `PROJECTS_FUNCTIONS`
--

/*!40000 ALTER TABLE `PROJECTS_FUNCTIONS` DISABLE KEYS */;
/*!40000 ALTER TABLE `PROJECTS_FUNCTIONS` ENABLE KEYS */;

--
-- Dumping data for table `PROJECTS_MAPPINGS`
--

/*!40000 ALTER TABLE `PROJECTS_MAPPINGS` DISABLE KEYS */;
/*!40000 ALTER TABLE `PROJECTS_MAPPINGS` ENABLE KEYS */;

--
-- Dumping data for table `RESOURCE`
--

/*!40000 ALTER TABLE `RESOURCE` DISABLE KEYS */;
/*!40000 ALTER TABLE `RESOURCE` ENABLE KEYS */;

--
-- Dumping data for table `SCHEMAS_SCHEMA_ATTRIBUTE_PATH_INSTANCES`
--

/*!40000 ALTER TABLE `SCHEMAS_SCHEMA_ATTRIBUTE_PATH_INSTANCES` DISABLE KEYS */;
INSERT INTO `SCHEMAS_SCHEMA_ATTRIBUTE_PATH_INSTANCES` VALUES ('Schema-d87ba5c2-b02b-481d-a62d-2b46dd66d347','SchemaAttributePathInstance-06c1a492-574f-4def-9d7d-49bde05b696a'),('Schema-ff62ec21-0a11-4c27-a704-d7ca53a21521','SchemaAttributePathInstance-070bcec6-9318-4d76-850e-f3e86249cd21'),('Schema-ff62ec21-0a11-4c27-a704-d7ca53a21521','SchemaAttributePathInstance-0920d67e-b4be-4b02-a6df-6e37353b9e65'),('Schema-ff62ec21-0a11-4c27-a704-d7ca53a21521','SchemaAttributePathInstance-119fe2f7-9750-447a-9714-21a6f4f56ee7'),('Schema-d87ba5c2-b02b-481d-a62d-2b46dd66d347','SchemaAttributePathInstance-1c089acd-5d53-4133-add5-048d0fe7171b'),('Schema-ff62ec21-0a11-4c27-a704-d7ca53a21521','SchemaAttributePathInstance-1ec836dd-757a-4978-855a-ca9da7b57372'),('Schema-ff62ec21-0a11-4c27-a704-d7ca53a21521','SchemaAttributePathInstance-26ec5dea-fd96-425d-871a-ae37ec131dce'),('Schema-d87ba5c2-b02b-481d-a62d-2b46dd66d347','SchemaAttributePathInstance-28e51945-1125-4580-9bd5-fe65b3f4b3a8'),('Schema-ff62ec21-0a11-4c27-a704-d7ca53a21521','SchemaAttributePathInstance-2ec202f2-da71-42db-b131-db743e43e82c'),('Schema-ff62ec21-0a11-4c27-a704-d7ca53a21521','SchemaAttributePathInstance-2efc4e2e-235e-4d6c-82e2-7145a7f0bca1'),('Schema-ff62ec21-0a11-4c27-a704-d7ca53a21521','SchemaAttributePathInstance-3428572a-14f1-4964-a607-398ce433fe39'),('Schema-ff62ec21-0a11-4c27-a704-d7ca53a21521','SchemaAttributePathInstance-39973714-68a2-4617-905e-fec8d53c4d5d'),('Schema-ff62ec21-0a11-4c27-a704-d7ca53a21521','SchemaAttributePathInstance-3a6ae6c0-cd4e-480f-b6bc-2c01952270e2'),('Schema-d87ba5c2-b02b-481d-a62d-2b46dd66d347','SchemaAttributePathInstance-3f4a6a03-720c-49a9-bc55-e539ca172be7'),('Schema-ff62ec21-0a11-4c27-a704-d7ca53a21521','SchemaAttributePathInstance-3fd7c5de-3f89-4d91-b6ac-1603255c4919'),('Schema-309e901c-3da9-4d82-a694-bab632eaa340','SchemaAttributePathInstance-40346f35-105c-4b66-a9d9-4633f021d85e'),('Schema-ff62ec21-0a11-4c27-a704-d7ca53a21521','SchemaAttributePathInstance-42237ed5-2dd6-4752-86b1-a4767dc22e40'),('Schema-ff62ec21-0a11-4c27-a704-d7ca53a21521','SchemaAttributePathInstance-4241271c-9cca-44e0-bca9-f171801cdd26'),('Schema-ff62ec21-0a11-4c27-a704-d7ca53a21521','SchemaAttributePathInstance-435a332f-8952-45af-bc1c-68769548ddb6'),('Schema-d87ba5c2-b02b-481d-a62d-2b46dd66d347','SchemaAttributePathInstance-43c4742d-cd90-4531-9e44-d63ea081df05'),('Schema-ff62ec21-0a11-4c27-a704-d7ca53a21521','SchemaAttributePathInstance-482c1822-d58f-4b49-b0df-2c42dd7dc040'),('Schema-ff62ec21-0a11-4c27-a704-d7ca53a21521','SchemaAttributePathInstance-4986c4bc-c961-46bd-9093-63467d837a0b'),('Schema-70228b28-10fc-43fe-9d3e-ad22b038ebdf','SchemaAttributePathInstance-4be6b2b4-0f3a-4b78-b7a8-5fcd223f8f30'),('Schema-ff62ec21-0a11-4c27-a704-d7ca53a21521','SchemaAttributePathInstance-594cd557-7a61-4a2f-b50a-3a9c455ba810'),('Schema-d87ba5c2-b02b-481d-a62d-2b46dd66d347','SchemaAttributePathInstance-5c0fee36-de89-4a55-ab5e-5ffc0ae329c0'),('Schema-ff62ec21-0a11-4c27-a704-d7ca53a21521','SchemaAttributePathInstance-6043101e-8965-4569-ba45-6b389849b479'),('Schema-d87ba5c2-b02b-481d-a62d-2b46dd66d347','SchemaAttributePathInstance-60b7055b-3262-4e95-a7a0-f33cd1ceda53'),('Schema-ff62ec21-0a11-4c27-a704-d7ca53a21521','SchemaAttributePathInstance-683f79d4-bc03-4531-8197-dda3b45a91e5'),('Schema-d87ba5c2-b02b-481d-a62d-2b46dd66d347','SchemaAttributePathInstance-6acbfb61-7caf-4dce-9d82-33027227fc2c'),('Schema-ff62ec21-0a11-4c27-a704-d7ca53a21521','SchemaAttributePathInstance-6cbc750b-b5a4-4600-a868-4b4afefec4f9'),('Schema-d87ba5c2-b02b-481d-a62d-2b46dd66d347','SchemaAttributePathInstance-71065232-966e-43f9-b987-ae73b9be6f87'),('Schema-d87ba5c2-b02b-481d-a62d-2b46dd66d347','SchemaAttributePathInstance-7137a9d5-77e9-4f5f-8401-976a0a4651fc'),('Schema-d87ba5c2-b02b-481d-a62d-2b46dd66d347','SchemaAttributePathInstance-77d17771-4101-4b98-8352-454432f5eed8'),('Schema-ff62ec21-0a11-4c27-a704-d7ca53a21521','SchemaAttributePathInstance-785f2dd1-2a88-419d-affb-e5202a29fbee'),('Schema-ff62ec21-0a11-4c27-a704-d7ca53a21521','SchemaAttributePathInstance-7f03d786-a5f3-4780-8421-5c8f719477fa'),('Schema-d87ba5c2-b02b-481d-a62d-2b46dd66d347','SchemaAttributePathInstance-88090af9-a807-44a6-b018-fd49c966427c'),('Schema-d87ba5c2-b02b-481d-a62d-2b46dd66d347','SchemaAttributePathInstance-89925612-ab23-42f1-9e15-1cf2e5f7de4d'),('Schema-ff62ec21-0a11-4c27-a704-d7ca53a21521','SchemaAttributePathInstance-8b11ea13-3fdd-4f31-a195-97b608667326'),('Schema-d87ba5c2-b02b-481d-a62d-2b46dd66d347','SchemaAttributePathInstance-90050408-57bf-4fe6-9ea5-ef18de90390c'),('Schema-d87ba5c2-b02b-481d-a62d-2b46dd66d347','SchemaAttributePathInstance-9242c93a-1eb2-4855-8366-b5d2e13b6ca1'),('Schema-ff62ec21-0a11-4c27-a704-d7ca53a21521','SchemaAttributePathInstance-944651dd-baa0-488a-a8cc-9012886d7bf0'),('Schema-d87ba5c2-b02b-481d-a62d-2b46dd66d347','SchemaAttributePathInstance-97cea510-1e75-4e29-9b7d-aba9bc860435'),('Schema-d87ba5c2-b02b-481d-a62d-2b46dd66d347','SchemaAttributePathInstance-99ec0a5b-9b8f-410b-9449-e120b9563459'),('Schema-d87ba5c2-b02b-481d-a62d-2b46dd66d347','SchemaAttributePathInstance-9aad08dd-941b-4df2-bf5e-69e71447da6d'),('Schema-70228b28-10fc-43fe-9d3e-ad22b038ebdf','SchemaAttributePathInstance-9d52de0c-2d03-4c5e-ae66-921c89e29c43'),('Schema-d87ba5c2-b02b-481d-a62d-2b46dd66d347','SchemaAttributePathInstance-a144a5ee-9db3-46e8-af3b-29b408aae4b5'),('Schema-70228b28-10fc-43fe-9d3e-ad22b038ebdf','SchemaAttributePathInstance-a640a2d7-71aa-4cf3-825f-779b157c515a'),('Schema-d87ba5c2-b02b-481d-a62d-2b46dd66d347','SchemaAttributePathInstance-ad946c45-145e-4ca5-b279-3b332b46c26b'),('Schema-ff62ec21-0a11-4c27-a704-d7ca53a21521','SchemaAttributePathInstance-ae3ace40-064a-4350-9105-6d086d10e459'),('Schema-d87ba5c2-b02b-481d-a62d-2b46dd66d347','SchemaAttributePathInstance-b96529ea-3218-488c-a588-5b2a87527f58'),('Schema-309e901c-3da9-4d82-a694-bab632eaa340','SchemaAttributePathInstance-bd43d416-a9d7-476f-89ed-7c7fb7dcd694'),('Schema-d87ba5c2-b02b-481d-a62d-2b46dd66d347','SchemaAttributePathInstance-c2eb3e4f-3601-46af-a53e-c92690f0c365'),('Schema-d87ba5c2-b02b-481d-a62d-2b46dd66d347','SchemaAttributePathInstance-c38fd478-8786-4984-9db6-fec28f72f270'),('Schema-ff62ec21-0a11-4c27-a704-d7ca53a21521','SchemaAttributePathInstance-c73c9ec6-7bbe-4b88-b291-ab743a3cf15d'),('Schema-d87ba5c2-b02b-481d-a62d-2b46dd66d347','SchemaAttributePathInstance-c7ea5287-792c-47a6-9194-c880374f38df'),('Schema-d87ba5c2-b02b-481d-a62d-2b46dd66d347','SchemaAttributePathInstance-c98f2976-92df-4c1d-9410-12b776ff99be'),('Schema-ff62ec21-0a11-4c27-a704-d7ca53a21521','SchemaAttributePathInstance-ce842328-8c32-4b09-bb5a-decc64a08f67'),('Schema-d87ba5c2-b02b-481d-a62d-2b46dd66d347','SchemaAttributePathInstance-d1a07b6d-e0bf-4fe9-a2ca-2b40fad5e05f'),('Schema-309e901c-3da9-4d82-a694-bab632eaa340','SchemaAttributePathInstance-d3d446b7-9ce0-48d3-9a28-412f90b46860'),('Schema-ff62ec21-0a11-4c27-a704-d7ca53a21521','SchemaAttributePathInstance-d4c685ca-5776-4289-9607-7b4990dd104f'),('Schema-d87ba5c2-b02b-481d-a62d-2b46dd66d347','SchemaAttributePathInstance-e0630414-304d-4b4e-879b-7808e08368d5'),('Schema-d87ba5c2-b02b-481d-a62d-2b46dd66d347','SchemaAttributePathInstance-e70579a3-339e-4a6f-95ed-f3936e4833ff'),('Schema-d87ba5c2-b02b-481d-a62d-2b46dd66d347','SchemaAttributePathInstance-e7d4352b-89d4-40d9-b10c-4383b19d93d3'),('Schema-d87ba5c2-b02b-481d-a62d-2b46dd66d347','SchemaAttributePathInstance-e800d334-06a0-485b-aa4f-b2eb6e535bf9'),('Schema-70228b28-10fc-43fe-9d3e-ad22b038ebdf','SchemaAttributePathInstance-e80ee89e-1cec-4a3d-b9b2-6cc897176dd0'),('Schema-d87ba5c2-b02b-481d-a62d-2b46dd66d347','SchemaAttributePathInstance-e98b45be-d830-4dbb-8662-c31e0d8f0c99'),('Schema-ff62ec21-0a11-4c27-a704-d7ca53a21521','SchemaAttributePathInstance-f0bafdd3-3002-478b-989d-81ac841852fc'),('Schema-d87ba5c2-b02b-481d-a62d-2b46dd66d347','SchemaAttributePathInstance-f53476cd-8532-4e80-b4f2-fdb5da43903d'),('Schema-ff62ec21-0a11-4c27-a704-d7ca53a21521','SchemaAttributePathInstance-f79ce416-69d4-406f-a8e7-e14b63c53058'),('Schema-ff62ec21-0a11-4c27-a704-d7ca53a21521','SchemaAttributePathInstance-fdd0c560-839a-492f-a9aa-29641c46875b');
/*!40000 ALTER TABLE `SCHEMAS_SCHEMA_ATTRIBUTE_PATH_INSTANCES` ENABLE KEYS */;

--
-- Dumping data for table `SCHEMA_ATTRIBUTE_PATH_INSTANCE`
--

/*!40000 ALTER TABLE `SCHEMA_ATTRIBUTE_PATH_INSTANCE` DISABLE KEYS */;
INSERT INTO `SCHEMA_ATTRIBUTE_PATH_INSTANCE` VALUES ('SchemaAttributePathInstance-06c1a492-574f-4def-9d7d-49bde05b696a',NULL),('SchemaAttributePathInstance-070bcec6-9318-4d76-850e-f3e86249cd21',NULL),('SchemaAttributePathInstance-0920d67e-b4be-4b02-a6df-6e37353b9e65',NULL),('SchemaAttributePathInstance-119fe2f7-9750-447a-9714-21a6f4f56ee7',NULL),('SchemaAttributePathInstance-1c089acd-5d53-4133-add5-048d0fe7171b',NULL),('SchemaAttributePathInstance-26ec5dea-fd96-425d-871a-ae37ec131dce',NULL),('SchemaAttributePathInstance-28e51945-1125-4580-9bd5-fe65b3f4b3a8',NULL),('SchemaAttributePathInstance-2ec202f2-da71-42db-b131-db743e43e82c',NULL),('SchemaAttributePathInstance-2efc4e2e-235e-4d6c-82e2-7145a7f0bca1',NULL),('SchemaAttributePathInstance-3428572a-14f1-4964-a607-398ce433fe39',NULL),('SchemaAttributePathInstance-39973714-68a2-4617-905e-fec8d53c4d5d',NULL),('SchemaAttributePathInstance-3a6ae6c0-cd4e-480f-b6bc-2c01952270e2',NULL),('SchemaAttributePathInstance-3f4a6a03-720c-49a9-bc55-e539ca172be7',NULL),('SchemaAttributePathInstance-3fd7c5de-3f89-4d91-b6ac-1603255c4919',NULL),('SchemaAttributePathInstance-40346f35-105c-4b66-a9d9-4633f021d85e',NULL),('SchemaAttributePathInstance-42237ed5-2dd6-4752-86b1-a4767dc22e40',NULL),('SchemaAttributePathInstance-4241271c-9cca-44e0-bca9-f171801cdd26',NULL),('SchemaAttributePathInstance-435a332f-8952-45af-bc1c-68769548ddb6',NULL),('SchemaAttributePathInstance-43c4742d-cd90-4531-9e44-d63ea081df05',NULL),('SchemaAttributePathInstance-482c1822-d58f-4b49-b0df-2c42dd7dc040',NULL),('SchemaAttributePathInstance-4986c4bc-c961-46bd-9093-63467d837a0b',NULL),('SchemaAttributePathInstance-4be6b2b4-0f3a-4b78-b7a8-5fcd223f8f30',NULL),('SchemaAttributePathInstance-594cd557-7a61-4a2f-b50a-3a9c455ba810',NULL),('SchemaAttributePathInstance-5c0fee36-de89-4a55-ab5e-5ffc0ae329c0',NULL),('SchemaAttributePathInstance-6043101e-8965-4569-ba45-6b389849b479',NULL),('SchemaAttributePathInstance-60b7055b-3262-4e95-a7a0-f33cd1ceda53',NULL),('SchemaAttributePathInstance-683f79d4-bc03-4531-8197-dda3b45a91e5',NULL),('SchemaAttributePathInstance-6acbfb61-7caf-4dce-9d82-33027227fc2c',NULL),('SchemaAttributePathInstance-6cbc750b-b5a4-4600-a868-4b4afefec4f9',NULL),('SchemaAttributePathInstance-71065232-966e-43f9-b987-ae73b9be6f87',NULL),('SchemaAttributePathInstance-7137a9d5-77e9-4f5f-8401-976a0a4651fc',NULL),('SchemaAttributePathInstance-77d17771-4101-4b98-8352-454432f5eed8',NULL),('SchemaAttributePathInstance-785f2dd1-2a88-419d-affb-e5202a29fbee',NULL),('SchemaAttributePathInstance-88090af9-a807-44a6-b018-fd49c966427c',NULL),('SchemaAttributePathInstance-89925612-ab23-42f1-9e15-1cf2e5f7de4d',NULL),('SchemaAttributePathInstance-8b11ea13-3fdd-4f31-a195-97b608667326',NULL),('SchemaAttributePathInstance-90050408-57bf-4fe6-9ea5-ef18de90390c',NULL),('SchemaAttributePathInstance-9242c93a-1eb2-4855-8366-b5d2e13b6ca1',NULL),('SchemaAttributePathInstance-944651dd-baa0-488a-a8cc-9012886d7bf0',NULL),('SchemaAttributePathInstance-97cea510-1e75-4e29-9b7d-aba9bc860435',NULL),('SchemaAttributePathInstance-99ec0a5b-9b8f-410b-9449-e120b9563459',NULL),('SchemaAttributePathInstance-9aad08dd-941b-4df2-bf5e-69e71447da6d',NULL),('SchemaAttributePathInstance-9d52de0c-2d03-4c5e-ae66-921c89e29c43',NULL),('SchemaAttributePathInstance-a144a5ee-9db3-46e8-af3b-29b408aae4b5',NULL),('SchemaAttributePathInstance-a640a2d7-71aa-4cf3-825f-779b157c515a',NULL),('SchemaAttributePathInstance-ad946c45-145e-4ca5-b279-3b332b46c26b',NULL),('SchemaAttributePathInstance-ae3ace40-064a-4350-9105-6d086d10e459',NULL),('SchemaAttributePathInstance-b96529ea-3218-488c-a588-5b2a87527f58',NULL),('SchemaAttributePathInstance-bd43d416-a9d7-476f-89ed-7c7fb7dcd694',NULL),('SchemaAttributePathInstance-c2eb3e4f-3601-46af-a53e-c92690f0c365',NULL),('SchemaAttributePathInstance-c38fd478-8786-4984-9db6-fec28f72f270',NULL),('SchemaAttributePathInstance-c73c9ec6-7bbe-4b88-b291-ab743a3cf15d',NULL),('SchemaAttributePathInstance-c7ea5287-792c-47a6-9194-c880374f38df',NULL),('SchemaAttributePathInstance-c98f2976-92df-4c1d-9410-12b776ff99be',NULL),('SchemaAttributePathInstance-ce842328-8c32-4b09-bb5a-decc64a08f67',NULL),('SchemaAttributePathInstance-d1a07b6d-e0bf-4fe9-a2ca-2b40fad5e05f',NULL),('SchemaAttributePathInstance-d3d446b7-9ce0-48d3-9a28-412f90b46860',NULL),('SchemaAttributePathInstance-d4c685ca-5776-4289-9607-7b4990dd104f',NULL),('SchemaAttributePathInstance-e0630414-304d-4b4e-879b-7808e08368d5',NULL),('SchemaAttributePathInstance-e70579a3-339e-4a6f-95ed-f3936e4833ff',NULL),('SchemaAttributePathInstance-e7d4352b-89d4-40d9-b10c-4383b19d93d3',NULL),('SchemaAttributePathInstance-e800d334-06a0-485b-aa4f-b2eb6e535bf9',NULL),('SchemaAttributePathInstance-e80ee89e-1cec-4a3d-b9b2-6cc897176dd0',NULL),('SchemaAttributePathInstance-e98b45be-d830-4dbb-8662-c31e0d8f0c99',NULL),('SchemaAttributePathInstance-f0bafdd3-3002-478b-989d-81ac841852fc',NULL),('SchemaAttributePathInstance-f53476cd-8532-4e80-b4f2-fdb5da43903d',NULL),('SchemaAttributePathInstance-f79ce416-69d4-406f-a8e7-e14b63c53058',NULL),('SchemaAttributePathInstance-fdd0c560-839a-492f-a9aa-29641c46875b',NULL),('SchemaAttributePathInstance-1ec836dd-757a-4978-855a-ca9da7b57372','Schema-309e901c-3da9-4d82-a694-bab632eaa340'),('SchemaAttributePathInstance-7f03d786-a5f3-4780-8421-5c8f719477fa','Schema-309e901c-3da9-4d82-a694-bab632eaa340');
/*!40000 ALTER TABLE `SCHEMA_ATTRIBUTE_PATH_INSTANCE` ENABLE KEYS */;

--
-- Dumping data for table `TRANSFORMATION`
--

/*!40000 ALTER TABLE `TRANSFORMATION` DISABLE KEYS */;
/*!40000 ALTER TABLE `TRANSFORMATION` ENABLE KEYS */;
/*!40103 SET TIME_ZONE=@OLD_TIME_ZONE */;

/*!40101 SET SQL_MODE=@OLD_SQL_MODE */;
/*!40014 SET FOREIGN_KEY_CHECKS=@OLD_FOREIGN_KEY_CHECKS */;
/*!40014 SET UNIQUE_CHECKS=@OLD_UNIQUE_CHECKS */;
/*!40101 SET CHARACTER_SET_CLIENT=@OLD_CHARACTER_SET_CLIENT */;
/*!40101 SET CHARACTER_SET_RESULTS=@OLD_CHARACTER_SET_RESULTS */;
/*!40101 SET COLLATION_CONNECTION=@OLD_COLLATION_CONNECTION */;
/*!40111 SET SQL_NOTES=@OLD_SQL_NOTES */;

-- Dump completed on 2014-12-18 14:50:11
